label,method,seed,prune_pct,train_loss,test_loss,accuracy,f1_score,n_params,model_size_kb,inference_ms
baseline,baseline,42,0,0.1368,0.3029,0.8571,0.8542,2514,12.88,0.096
causal_10,causal,42,10,0.0542,0.3421,0.881,0.8792,2251,11.63,0.108
causal_20,causal,42,20,0.0779,0.3355,0.8333,0.8286,1965,10.57,0.112
causal_30,causal,42,30,0.0868,0.3508,0.8333,0.8286,1717,9.63,0.061
causal_40,causal,42,40,0.1189,0.333,0.8333,0.8286,1452,8.63,0.061
causal_50,causal,42,50,0.1576,0.334,0.8333,0.8286,1130,7.44,0.11
causal_60,causal,42,60,0.2213,0.3359,0.8095,0.8024,907,6.38,0.153
causal_70,causal,42,70,0.3069,0.3447,0.8333,0.8286,677,5.57,0.233
magnitude_10,magnitude,42,10,0.0606,0.3436,0.8333,0.8286,2251,11.63,0.092
magnitude_20,magnitude,42,20,0.0801,0.3466,0.8333,0.8286,1965,10.57,0.114
magnitude_30,magnitude,42,30,0.0998,0.3477,0.8333,0.8286,1717,9.63,0.338
magnitude_40,magnitude,42,40,0.1144,0.3613,0.8333,0.8286,1452,8.63,0.248
magnitude_50,magnitude,42,50,0.1569,0.3363,0.8333,0.8286,1130,7.44,0.196
magnitude_60,magnitude,42,60,0.2073,0.3225,0.8333,0.8286,907,6.38,0.145
magnitude_70,magnitude,42,70,0.3227,0.3638,0.8333,0.8286,677,5.57,0.287
random_10,random,42,10,0.0811,0.2988,0.8571,0.8542,2251,11.63,0.185
random_20,random,42,20,0.1158,0.3213,0.881,0.8776,1965,10.57,0.094
random_30,random,42,30,0.1122,0.3009,0.881,0.8792,1717,9.63,0.107
random_40,random,42,40,0.1761,0.3001,0.9286,0.9275,1452,8.63,0.162
random_50,random,42,50,0.3119,0.4632,0.8095,0.8024,1130,7.44,0.094
random_60,random,42,60,0.4175,0.4857,0.7619,0.7569,907,6.38,0.242
random_70,random,42,70,0.431,0.4518,0.8095,0.8056,677,5.57,0.14
baseline,baseline,123,0,0.11,0.3528,0.8571,0.8542,2514,12.88,0.097
causal_10,causal,123,10,0.0321,0.4371,0.8571,0.8542,2251,11.63,0.23
causal_20,causal,123,20,0.0488,0.4189,0.8571,0.8542,1965,10.57,0.106
causal_30,causal,123,30,0.0782,0.3929,0.8571,0.8542,1717,9.63,0.104
causal_40,causal,123,40,0.1275,0.3245,0.8571,0.8542,1452,8.63,0.115
causal_50,causal,123,50,0.1674,0.3269,0.8571,0.8542,1130,7.44,0.363
causal_60,causal,123,60,0.2152,0.3308,0.8571,0.8542,907,6.38,0.441
causal_70,causal,123,70,0.4141,0.4801,0.8095,0.8024,677,5.57,0.094
magnitude_10,magnitude,123,10,0.0299,0.4517,0.8571,0.8542,2251,11.63,0.209
magnitude_20,magnitude,123,20,0.0577,0.4153,0.8571,0.8542,1965,10.57,0.185
magnitude_30,magnitude,123,30,0.0796,0.3885,0.8571,0.8542,1717,9.63,0.202
magnitude_40,magnitude,123,40,0.1321,0.3475,0.8571,0.8542,1452,8.63,0.106
magnitude_50,magnitude,123,50,0.1742,0.3367,0.8571,0.8542,1130,7.44,0.189
magnitude_60,magnitude,123,60,0.2142,0.3409,0.8571,0.8542,907,6.38,0.1
magnitude_70,magnitude,123,70,0.3276,0.4084,0.8333,0.8286,677,5.57,0.223
random_10,random,123,10,0.039,0.4284,0.8571,0.8542,2251,11.63,0.274
random_20,random,123,20,0.0726,0.3553,0.8571,0.8542,1965,10.57,0.182
random_30,random,123,30,0.1208,0.3619,0.8571,0.8542,1717,9.63,0.1
random_40,random,123,40,0.2116,0.386,0.8095,0.8056,1452,8.63,0.188
random_50,random,123,50,0.258,0.3953,0.8333,0.8325,1130,7.44,0.126
random_60,random,123,60,0.3166,0.4269,0.8333,0.8309,907,6.38,0.1
random_70,random,123,70,0.3579,0.4506,0.8095,0.8024,677,5.57,0.213
baseline,baseline,2024,0,0.1175,0.2795,0.8571,0.8542,2514,12.88,0.111
causal_10,causal,2024,10,0.0377,0.3045,0.8571,0.8542,2251,11.63,0.15
causal_20,causal,2024,20,0.0513,0.2981,0.881,0.8792,1965,10.57,0.108
causal_30,causal,2024,30,0.0592,0.2772,0.881,0.8792,1717,9.63,0.237
causal_40,causal,2024,40,0.0948,0.2695,0.8571,0.8542,1452,8.63,0.613
causal_50,causal,2024,50,0.1579,0.297,0.8571,0.8542,1130,7.44,0.341
causal_60,causal,2024,60,0.2069,0.3301,0.8333,0.8286,907,6.38,0.259
causal_70,causal,2024,70,0.3109,0.3631,0.8333,0.8286,677,5.57,0.345
magnitude_10,magnitude,2024,10,0.0442,0.2998,0.8571,0.8542,2251,11.63,0.477
magnitude_20,magnitude,2024,20,0.0512,0.2924,0.8571,0.8558,1965,10.57,0.315
magnitude_30,magnitude,2024,30,0.0567,0.2842,0.881,0.8792,1717,9.63,0.156
magnitude_40,magnitude,2024,40,0.086,0.2913,0.881,0.8792,1452,8.63,0.125
magnitude_50,magnitude,2024,50,0.1385,0.2808,0.8095,0.8056,1130,7.44,0.337
magnitude_60,magnitude,2024,60,0.2185,0.3294,0.8333,0.8309,907,6.38,0.106
magnitude_70,magnitude,2024,70,0.3258,0.3848,0.8333,0.8309,677,5.57,0.095
random_10,random,2024,10,0.057,0.3148,0.8333,0.8286,2251,11.63,0.149
random_20,random,2024,20,0.0979,0.3182,0.8571,0.8542,1965,10.57,0.436
random_30,random,2024,30,0.1147,0.3149,0.8095,0.8024,1717,9.63,0.105
random_40,random,2024,40,0.1344,0.3144,0.8333,0.8286,1452,8.63,0.456
random_50,random,2024,50,0.2313,0.3673,0.8333,0.8286,1130,7.44,0.095
random_60,random,2024,60,0.3064,0.4126,0.8571,0.8542,907,6.38,0.109
random_70,random,2024,70,0.4358,0.5004,0.7619,0.7614,677,5.57,0.104
